id,name,type,lat,lon,address,suburb,cnes,network,surface_temp_300m,ndvi_300m,climate_data_coverage_pct,census_population_300m,census_income_median_300m,census_share_children_300m,census_share_elderly_300m,census_crowding_300m,vulnerability_score_300m,social_data_coverage_pct,vulnerability_data_quality,flood_zone_level,flood_zone_process,flood_zone_distance_m,flood_zone_in_buffer,flood_point_nearest_m,flood_point_nearest_name,flood_point_nearest_phenomenon,climate_data_quality,heat_component,vegetation_component,social_component,heat_component_0_100,vegetation_component_0_100,social_component_0_100,iecs_score,risk_level,ranking,vulnerability_source
SUS-034,Posto de Saúde Municipal,Posto / Centro de Saúde Público,-21.7251916,-48.1583089,,Araraquara,,Rede Pública SUS / Filantrópico,36.43980832455603,0.25300958377219857,100.0,2136.1713617999467,1392.3950574705343,0.20012292632727927,0.06223166192696024,,3.67,100.0,censo_2022,Baixa,Inundação,768.4,,2913.5,Rua Maurício Galli,Inundação / Assoreamento,urbverde_2024,0.9585777265926091,0.9535812160386843,1.0,95.9,95.4,100.0,97.0,Crítico (Altíssimo Risco),1,IBGE Censo 2022 — índice social-sanitário composto do projeto
SUS-015,UPA Valle Verde,UPA / Pronto Atendimento,-21.7246497,-48.1579375,Rua Henrique João Baptista Crisci,Valle Verde,,Rede Pública SUS / Filantrópico,36.46376303460322,0.25180315973062045,100.0,2272.0167597729,1401.753838734332,0.19946057566285444,0.05994640960517639,,3.66,100.0,censo_2022,Baixa,Inundação,712.7,,2979.0,Rua Maurício Galli,Inundação / Assoreamento,urbverde_2024,0.9627989142022093,0.9583458938979935,0.9848484848484852,96.3,95.8,98.5,96.8,Crítico (Altíssimo Risco),2,IBGE Censo 2022 — índice social-sanitário composto do projeto
SUS-023,PSF,USF (Saúde da Família),-21.7251579,-48.1585244,,Araraquara,,Rede Pública SUS / Filantrópico,36.42394515273796,0.2538027423631021,100.0,2103.810191606931,1399.5353138113005,0.20067408645123472,0.062412716979365644,,3.67,100.0,censo_2022,Baixa,Inundação,762.3,,2913.8,Rua Maurício Galli,Inundação / Assoreamento,urbverde_2024,0.9557823922222276,0.9504486979134192,1.0,95.6,95.0,100.0,96.8,Crítico (Altíssimo Risco),3,IBGE Censo 2022 — índice social-sanitário composto do projeto
SUS-045,CMS Jardim Roberto Selmi Dei I — Dr. Ruy de Toledo,UBS / CMS (Unidade Básica),-21.739931,-48.151231,,Jardim Roberto Selmi Dei I,,,36.52426561643895,0.24912209849818684,100.0,979.8936171134774,1576.1960102590538,0.09812044323042315,0.2734979874268414,,3.61,100.0,censo_2022,Baixa,Inundação,69.0,Baixa,1720.0,Rua Maurício Galli,Inundação / Assoreamento,urbverde_2024,0.9734603978223726,0.9689345365753382,0.9090909090909091,97.3,96.9,90.9,95.3,Crítico (Altíssimo Risco),4,IBGE Censo 2022 — índice social-sanitário composto do projeto
SUS-016,Unidade Básica de Saúde Doutor Herculano Graeff,UBS / CMS (Unidade Básica),-21.727972,-48.1475016,Avenida Olímpio Bolzan,Jardim Roberto Selmi Dei IV,,Rede Pública SUS / Filantrópico,36.614445374050185,0.24927773129749073,100.0,697.4044258101206,1937.2900990385408,0.09863448629794265,0.21509753938083323,,3.46,100.0,censo_2022,Baixa,Inundação,161.8,Baixa,2908.6,Av. Manoel de Abreu — Jardim Zavanella,Alagamento,urbverde_2024,0.9893514553519965,0.968319876946991,0.681818181818182,98.9,96.8,68.2,89.2,Crítico (Altíssimo Risco),5,IBGE Censo 2022 — índice social-sanitário composto do projeto
SUS-037,USF Roxo,USF (Saúde da Família),-21.7362868,-48.1563495,,Araraquara,,Rede Pública SUS / Filantrópico,36.67487452884238,0.24125627355788098,100.0,1879.1802758297895,2317.537561807261,0.1486422676357068,0.09789263811319876,,3.4,100.0,censo_2022,Baixa,Inundação,251.4,Baixa,1774.5,Rua Maurício Galli,Inundação / Assoreamento,urbverde_2024,1.0,1.0,0.5909090909090909,100.0,100.0,59.1,87.7,Crítico (Altíssimo Risco),6,IBGE Censo 2022 — índice social-sanitário composto do projeto
SUS-018,CMS Jardim Paulistano “Dr. Genaro Granata”,UBS / CMS (Unidade Básica),-21.7739773,-48.1611068,Avenida Jorge Haddad,Jd. Paulistano,,Rede Pública SUS / Filantrópico,35.6,0.29,100.0,1392.0997441162795,2369.9166268387617,0.08081418688396617,0.31087728440010387,,3.5,100.0,censo_2022,Baixa,Inundação,1236.0,,1102.4,Rua Napoleão Selmi Dei / Rua Henrique Lupo — Vila Harmonia,Inundação,urbverde_2024,0.8105906089413323,0.8074904460166529,0.7424242424242425,81.1,80.7,74.2,78.9,Crítico (Altíssimo Risco),7,IBGE Censo 2022 — índice social-sanitário composto do projeto
SUS-039,USF Vila Biagioni,USF (Saúde da Família),-21.7713831,-48.1411343,,Araraquara,,Rede Pública SUS / Filantrópico,35.27583409435099,0.3062082952824506,100.0,1710.760652039017,1892.1755265619934,0.10121656299499074,0.22655848282864485,,3.5,100.0,censo_2022,Baixa,Inundação,988.5,,274.3,Av. Francisco Vaz Filho — Jardim América,Alagamento,urbverde_2024,0.7534676004939301,0.7434770452488615,0.7424242424242425,75.3,74.3,74.2,74.8,Alto,8,IBGE Censo 2022 — índice social-sanitário composto do projeto
SUS-024,"Centro Municipal de Saúde ""João Vitor Nascimento Maurício""",UBS / CMS (Unidade Básica),-21.7832439,-48.1637525,,Araraquara,,Rede Pública SUS / Filantrópico,35.3,0.31,100.0,1035.9439165867027,2311.9815289460134,0.06471996207883596,0.33835986417712083,,3.5,100.0,censo_2022,Baixa,Inundação,803.6,,1585.4,Rua Napoleão Selmi Dei / Rua Henrique Lupo — Vila Harmonia,Inundação,urbverde_2024,0.7577260040103752,0.7285020025655993,0.7424242424242425,75.8,72.9,74.2,74.6,Alto,9,IBGE Censo 2022 — índice social-sanitário composto do projeto
SUS-040,USF Brasília Prof. Dr. Edmundo Juarez,USF (Saúde da Família),-21.7683425,-48.1582983,,Araraquara,,Rede Pública SUS / Filantrópico,35.772823332412344,0.28135883337938283,100.0,1121.310501211393,2723.9149148490583,0.08110672451804317,0.2494801652130851,,3.34,100.0,censo_2022,Baixa,Inundação,919.5,,1358.7,Rua Napoleão Selmi Dei / Rua Henrique Lupo — Vila Harmonia,Inundação,urbverde_2024,0.8410447329107651,0.8416180610648404,0.5,84.1,84.2,50.0,73.9,Alto,10,IBGE Censo 2022 — índice social-sanitário composto do projeto
SUS-051,"CEO ""Prof. Dr. Raphael Lia Rolfsen""",Centro de Referência e Especialidades,-21.784106982771,-48.157116020171,,Vila Xavier,,,35.162376317636856,0.3118819738132829,100.0,1455.2683745318755,2224.2042366344513,0.07576832325469493,0.3112683470984701,,3.5,100.0,censo_2022,Baixa,Inundação,711.2,,1486.5,Ponte da Nestlé — Av. Mário Zampieri — Parque Alvorada,Alagamento,urbverde_2024,0.7334745986861387,0.7210692934592561,0.7424242424242425,73.3,72.1,74.2,73.3,Alto,11,IBGE Censo 2022 — índice social-sanitário composto do projeto
SUS-012,Hospital São Paulo,Hospital / Maternidade Público-Filantrópico,-21.778303,-48.1760506,Rua Major Carvalho Filho,Fonte,,Rede Pública SUS / Filantrópico,35.132429820651666,0.315934136870996,100.0,539.0271901051899,3089.378400936027,0.04288131230201219,0.41632620937040976,,3.5,100.0,censo_2022,Baixa,Inundação,735.3,,979.6,Rua Napoleão Selmi Dei / Rua Henrique Lupo — Vila Harmonia,Inundação,urbverde_2024,0.7281975662455116,0.7050655908323253,0.7424242424242425,72.8,70.5,74.2,72.7,Alto,12,IBGE Censo 2022 — índice social-sanitário composto do projeto
SUS-010,Unidade de Pronto Atendimento Doutor Antônio Alonso Martinez,UPA / Pronto Atendimento,-21.7859137,-48.1595272,Rua José do Patrocínio,Vila Xavier,,Rede Pública SUS / Filantrópico,35.066756982523366,0.31769597297386154,100.0,1353.4510510832422,2303.128517833346,0.06356765811830761,0.34668734464934314,,3.51,100.0,censo_2022,Baixa,Inundação,981.8,,1258.8,Ponte da Nestlé — Av. Mário Zampieri — Parque Alvorada,Alagamento,urbverde_2024,0.7166250041043541,0.6981073562632643,0.7575757575757575,71.7,69.8,75.8,72.4,Alto,13,IBGE Censo 2022 — índice social-sanitário composto do projeto
SUS-038,"CAPS II - Centro de Atenção Psicossocial ""Dr. Nelson Fernandes""",CAPS (Atenção Psicossocial),-21.7765157,-48.1400177,Rua Danilo Alvarenga Reis,Vila Joinville,,Rede Pública SUS / Filantrópico,35.14928317846696,0.3133811214355363,100.0,1681.3066483443963,2063.335909901134,0.12147305560352886,0.14993466184090667,,3.42,100.0,censo_2022,Baixa,Inundação,555.1,,812.6,Av. Francisco Vaz Filho — Jardim América,Alagamento,urbverde_2024,0.7311673865877301,0.715148526599999,0.6212121212121213,73.1,71.5,62.1,69.4,Alto,14,IBGE Censo 2022 — índice social-sanitário composto do projeto
SUS-013,"PSF ""Adolfo Léo""",USF (Saúde da Família),-21.758703,-48.1585806,,Araraquara,,Rede Pública SUS / Filantrópico,36.07990966987191,0.27,100.0,923.4373564336817,3992.720806224043,0.0960191107209689,0.20176255260877418,,3.15,100.0,censo_2022,Baixa,Inundação,676.3,,938.7,Rua Maurício Galli,Inundação / Assoreamento,urbverde_2024,0.8951580592757462,0.8864788894677064,0.21212121212121227,89.5,88.6,21.2,68.8,Alto,15,IBGE Censo 2022 — índice social-sanitário composto do projeto
SUS-033,USF Luis Alberto Marim Junior,USF (Saúde da Família),-21.7671611,-48.1360224,,Araraquara,,Rede Pública SUS / Filantrópico,35.45147793058369,0.29990147129442063,100.0,806.611103120475,2773.9879889904582,0.0860430730861627,0.22828934092510028,,3.32,100.0,censo_2022,Baixa,Inundação,517.8,,461.3,Av. Francisco Vaz Filho — Jardim América,Alagamento,urbverde_2024,0.7844187405305948,0.7683853557455741,0.46969696969696967,78.4,76.8,47.0,68.6,Alto,16,IBGE Censo 2022 — índice social-sanitário composto do projeto
SUS-052,"Centro Municipal de Referência do Autismo ""Aldo Pavão Júnior""",Centro de Referência e Especialidades,-21.765828544108,-48.181597511772,,Jardim Dom Pedro I,,,35.27946450482479,0.31082141980700806,100.0,1342.680714100329,2463.4827778788103,0.07258122965845466,0.2620228522453296,,3.37,100.0,censo_2022,Média,Inundação,356.6,,404.8,Rua Nove de Julho,Inundação,urbverde_2024,0.7541073345453784,0.7252578689668276,0.5454545454545459,75.4,72.5,54.5,68.4,Alto,17,IBGE Censo 2022 — índice social-sanitário composto do projeto
SUS-025,CISA - Centro Integrado de Saúde Auditiva,Posto / Centro de Saúde Público,-21.7657695,-48.1812804,Avenida Nove de Julho,Vila Jose Bonifacio,,Rede Pública SUS / Filantrópico,35.295549865448265,0.31017800538206924,100.0,1292.5267140669089,2519.6097289865734,0.07281083066294634,0.2560092375368771,,3.35,100.0,censo_2022,Média,Inundação,374.7,,406.0,Rua Nove de Julho,Inundação,urbverde_2024,0.7569418219938188,0.7277989841628212,0.5151515151515155,75.7,72.8,51.5,67.7,Alto,18,IBGE Censo 2022 — índice social-sanitário composto do projeto
SUS-050,"CAPS-AD ""Dr. Calil Buainain""",CAPS (Atenção Psicossocial),-21.771126013143,-48.182134995322,,Santa Angelina,,,35.08836467165941,0.3199797436236121,100.0,1045.9828044493584,3796.4242914946835,0.06026428396567284,0.3898159658902645,,3.38,100.0,censo_2022,Média,Inundação,740.1,,235.3,Rua Nove de Julho,Inundação,urbverde_2024,0.720432610603181,0.6890877818221144,0.5606060606060607,72.0,68.9,56.1,66.5,Alto,19,IBGE Censo 2022 — índice social-sanitário composto do projeto
SUS-019,CMS/PACS Gustavo de Moraes Jr.,UBS / CMS (Unidade Básica),-21.7845425,-48.1345896,,Araraquara,,Rede Pública SUS / Filantrópico,34.588857259722744,0.3414602537945543,100.0,1198.8382088450583,1551.7106282574725,0.14666861035209605,0.10660785076662352,,3.51,100.0,censo_2022,Média,Inundação,157.4,Média,728.2,Rodovia Abdo Najn — acesso à SP-255,Inundação,urbverde_2024,0.6324117372961259,0.6042521786752518,0.7575757575757575,63.2,60.4,75.8,66.3,Alto,20,IBGE Censo 2022 — índice social-sanitário composto do projeto
SUS-009,Posto de Saúde da Família Doutora Neuza Maria Affini Dicenzo,USF (Saúde da Família),-21.7432216,-48.1923563,Avenida Alfeu Gonçalves Belchior,Araraquara,,Rede Pública SUS / Filantrópico,34.71092140422636,0.33734471574641794,100.0,1574.3901923976125,1940.9325348864506,0.12675266752536157,0.14333663542114375,,3.44,100.0,censo_2022,Baixa,Inundação,667.5,,2164.2,Av. José Barbieri Neto — trecho DAAE / Auto Posto Flora,Enxurrada,urbverde_2024,0.653921313214189,0.6205061758945458,0.6515151515151516,65.4,62.1,65.2,64.5,Alto,21,IBGE Censo 2022 — índice social-sanitário composto do projeto
SUS-035,Centro Municipal de Saúde “Dr. Francisco Oswaldo Castelucci”,UBS / CMS (Unidade Básica),-21.7997891,-48.1497433,Rua Domingos Paulo Real,Jardim Residencial Itália,,Rede Pública SUS / Filantrópico,34.08927646013316,0.37030859782322534,100.0,1413.2044655692812,1976.4170844000064,0.10838989968222561,0.2404952357482962,,3.54,100.0,censo_2022,Baixa,Inundação,398.4,,1087.0,Ponte da Nestlé — Av. Mário Zampieri — Parque Alvorada,Alagamento,urbverde_2024,0.5443779319581443,0.4903178891269907,0.8030303030303032,54.4,49.0,80.3,60.8,Alto,22,IBGE Censo 2022 — índice social-sanitário composto do projeto
SUS-006,Programa de Saúde da Família Doutor José Ricardo de Carvalho Angelieri,USF (Saúde da Família),-21.7671123,-48.1930371,,Araraquara,,Rede Pública SUS / Filantrópico,34.43847374686394,0.3516915751881632,100.0,2851.8979483885837,1997.0818086343447,0.14426406746056036,0.09393779213822316,,3.42,100.0,censo_2022,Média,Inundação,270.4,Média,417.3,Av. Prof. Gustavo Fleury Charmillot — Residencial Paraíso,Alagamento,urbverde_2024,0.6059118539780926,0.5638443711088204,0.6212121212121213,60.6,56.4,62.1,60.0,Alto,23,IBGE Censo 2022 — índice social-sanitário composto do projeto
SUS-043,"UPA Central ""Amélia Bernardini Cutrale""",UPA / Pronto Atendimento,-21.7734194,-48.1671244,,Vila Velosa,,,35.537905739940456,0.29310471300297736,100.0,269.24263123614463,4092.7058175621833,0.10100146354726955,0.14479479023537004,,3.05,100.0,censo_2022,Baixa,Inundação,1092.9,,514.3,Rua Napoleão Selmi Dei / Rua Henrique Lupo — Vila Harmonia,Inundação,urbverde_2024,0.7996486471862392,0.7952286236432814,0.06060606060606065,80.0,79.5,6.1,57.7,Alto,24,IBGE Censo 2022 — índice social-sanitário composto do projeto
SUS-030,"ESF ""Prof. Dr. Ray de Paula e Silva""",Posto / Centro de Saúde Público,-21.7820613,-48.1248601,,Araraquara,,Rede Pública SUS / Filantrópico,34.3,0.36,100.0,1501.7131673997005,1886.4320945497127,0.14305306958980435,0.0873830267145787,,3.41,100.0,censo_2022,Baixa,Inundação,512.4,,1543.0,Rodovia Abdo Najn — acesso à SP-255,Inundação,urbverde_2024,0.5815106542405203,0.5310308939379652,0.6060606060606065,58.2,53.1,60.6,57.6,Alto,25,IBGE Censo 2022 — índice social-sanitário composto do projeto
SUS-041,Posto de Saúde Municipal,Posto / Centro de Saúde Público,-21.7885035,-48.1910856,,Araraquara,,Rede Pública SUS / Filantrópico,33.79317724410348,0.3788304773956329,100.0,1150.7950604526645,2248.6859916399067,0.07947336369123222,0.3103655958997519,,3.51,100.0,censo_2022,Média,Inundação,450.5,,429.5,Rua Imaculada Conceição — Jardim Tamoio,Inundação,urbverde_2024,0.49220070503889424,0.45666138899190045,0.7575757575757575,49.2,45.7,75.8,56.3,Alto,26,IBGE Censo 2022 — índice social-sanitário composto do projeto
SUS-026,PSF Santana,USF (Saúde da Família),-21.7885305,-48.1911834,,Araraquara,,Rede Pública SUS / Filantrópico,33.77788752372916,0.37949254878799643,100.0,1138.6032553710359,2246.4962825485063,0.0793511795346063,0.31005821343787315,,3.51,100.0,censo_2022,Média,Inundação,440.1,,439.7,Rua Imaculada Conceição — Jardim Tamoio,Inundação,urbverde_2024,0.48950642161525026,0.45404658955508714,0.7575757575757575,49.0,45.4,75.8,56.1,Alto,27,IBGE Censo 2022 — índice social-sanitário composto do projeto
SUS-021,Hemocentro de Araraquara,Centro de Referência e Especialidades,-21.7940446,-48.1817578,,Araraquara,,Rede Pública SUS / Filantrópico,34.34696954416943,0.3571794025775424,100.0,675.7026741225877,4457.850414853674,0.05823469353287013,0.40231690016756827,,3.3,100.0,censo_2022,Baixa,Inundação,930.1,,503.7,Av. Maria Antônia Camargo de Oliveira — Centro,Inundação,urbverde_2024,0.589787408894868,0.5421706239380643,0.43939393939393934,59.0,54.2,43.9,53.3,Moderado,28,IBGE Censo 2022 — índice social-sanitário composto do projeto
SUS-042,"CMS Santa Angelina ""Rafael Sorbo""",UBS / CMS (Unidade Básica),-21.771494,-48.1878883,"Rua Habbib Khodor, 560",Santa Angelina,2063247,Rede Pública SUS / Filantrópico,34.63343151225971,0.3383284243870143,100.0,865.9587709050406,4369.344267321554,0.08436457932234169,0.2777332218440758,,3.19,100.0,censo_2022,Média,Inundação,326.9,,306.6,Rua Armando Sales de Oliveira,Inundação,urbverde_2024,0.6402664047976575,0.6166210951780428,0.27272727272727293,64.0,61.7,27.3,52.4,Moderado,29,IBGE Censo 2022 — índice social-sanitário composto do projeto
SUS-049,"Espaço Crescer Infantojuvenil — Maria Augusta Gonçalves Mendes ""Guta""",Centro de Referência e Especialidades,-21.781271007741,-48.18717603953,,São Geraldo,,,34.4,0.35,100.0,1173.5466652676396,3507.252304508106,0.06440814161997939,0.27364358954053664,,3.22,100.0,censo_2022,Baixa,Inundação,773.9,,129.2,Av. Pe. Francisco Sales Colturato / Rua Heitor Souza Pinheiro — Jardins dos Manacás,Inundação,urbverde_2024,0.599132189217506,0.5705251156634921,0.31818181818181873,59.9,57.1,31.8,50.8,Moderado,30,IBGE Censo 2022 — índice social-sanitário composto do projeto
SUS-011,Santa Casa de Araraquara,Hospital / Maternidade Público-Filantrópico,-21.7894956,-48.179867,Rua Voluntários da Pátria,Centro,,Rede Pública SUS / Filantrópico,34.7,0.34,100.0,763.6134418864118,5422.966220386654,0.06029800334923561,0.38029316122845447,,3.14,100.0,censo_2022,Baixa,Inundação,764.9,,678.4,Av. Maria Antônia Camargo de Oliveira — Centro,Inundação,urbverde_2024,0.6519967941484632,0.6100193373890187,0.19696969696969743,65.2,61.0,19.7,50.5,Moderado,31,IBGE Censo 2022 — índice social-sanitário composto do projeto
SUS-014,"NGA-3 -Núcleo de Gestão Ambulatorial ""Dr. Francisco Logatti""",Centro de Referência e Especialidades,-21.7896043,-48.1780795,Avenida José Bonifácio,Centro,,Rede Pública SUS / Filantrópico,34.72578329579556,0.33828111361362984,100.0,502.1914155505345,5457.124260300028,0.0477062282571413,0.4008321513515466,,3.12,100.0,censo_2022,Baixa,Inundação,579.5,,608.4,Av. Maria Antônia Camargo de Oliveira — Centro,Inundação,urbverde_2024,0.6565402066352967,0.616807945395448,0.1666666666666671,65.7,61.7,16.7,50.0,Moderado,32,IBGE Censo 2022 — índice social-sanitário composto do projeto
SUS-022,SESA,Centro de Referência e Especialidades,-21.79454,-48.1801092,,Araraquara,,Rede Pública SUS / Filantrópico,34.32425328212102,0.3587873358939491,100.0,690.2474640210472,4805.505436096883,0.049602059648603,0.41023300810178637,,3.23,100.0,censo_2022,Baixa,Inundação,756.2,,325.8,Av. Maria Antônia Camargo de Oliveira — Centro,Inundação,urbverde_2024,0.5857844548325434,0.5358202164462613,0.33333333333333354,58.6,53.6,33.3,49.8,Moderado,33,IBGE Censo 2022 — índice social-sanitário composto do projeto
SUS-028,Hospital São Francisco,Hospital / Maternidade Público-Filantrópico,-21.7901337,-48.1776166,,Araraquara,,Rede Pública SUS / Filantrópico,34.74921582118547,0.336718945254302,100.0,471.56819137187847,5770.7093535824415,0.04683119071702592,0.3833233804073249,,3.04,100.0,censo_2022,Baixa,Inundação,528.9,,543.1,Av. Maria Antônia Camargo de Oliveira — Centro,Inundação,urbverde_2024,0.6606693772928715,0.6229776077510376,0.045454545454545824,66.1,62.3,4.5,46.7,Moderado,34,IBGE Censo 2022 — índice social-sanitário composto do projeto
SUS-003,Posto de Saúde Municipal,Posto / Centro de Saúde Público,-21.7981265,-48.1797266,,Araraquara,,Rede Pública SUS / Filantrópico,34.1,0.37,100.0,948.5503952174864,3377.829045770117,0.04106462944783557,0.31865777088732633,,3.22,100.0,censo_2022,Baixa,Inundação,657.4,,446.9,Av. Maria Antônia Camargo de Oliveira — Centro,Inundação,urbverde_2024,0.5462675842865501,0.49153667221243835,0.31818181818181873,54.6,49.2,31.8,46.4,Moderado,35,IBGE Censo 2022 — índice social-sanitário composto do projeto
SUS-027,Hospital Psiquiátrico Espírita Cairbar Schutel,Hospital / Maternidade Público-Filantrópico,-21.81133,-48.1475172,Avenida Cairbar Schutel,Araraquara,,Rede Pública SUS / Filantrópico,33.04005556516859,0.41399761863563145,100.0,800.9600657254019,1698.342838620148,0.1283942467652909,0.14949424829832167,,3.5,100.0,censo_2022,Baixa,Inundação,436.0,,628.8,Av. Eng. Camillo Dinucci / Av. Ermano Biancardi — Jardim Arco-Íris,Alagamento,urbverde_2024,0.35948910496612246,0.31777150163335854,0.7424242424242425,35.9,31.8,74.2,46.4,Moderado,36,IBGE Censo 2022 — índice social-sanitário composto do projeto
SUS-007,USF Jardim São Bento — Selma Rita Canelas Ferrari Nogueira,USF (Saúde da Família),-21.762065,-48.211601,,Jardim São Bento,,Rede Pública SUS / Filantrópico,33.19694228416044,0.4051528857919777,100.0,1018.9153387944868,1998.2030358415175,0.1626260358315355,0.06464539581729495,,3.44,100.0,censo_2022,Média,Inundação,180.7,Média,984.7,Rua Tirso Alves Corrêa — Parque Tropical,Solapamento de margens fluvial,urbverde_2024,0.3871349530275161,0.3527030856363894,0.6515151515151516,38.7,35.3,65.2,45.8,Moderado,37,IBGE Censo 2022 — índice social-sanitário composto do projeto
SUS-031,UBS Dr. Giuseppe Aufiero Sobrinho,UBS / CMS (Unidade Básica),-21.8096526,-48.1664959,Rua Capitão José Sabino Sampaio,Araraquara,,Rede Pública SUS / Filantrópico,33.328258571276876,0.3985870714361563,100.0,1032.5956596609612,2905.7186691059173,0.09679525223797761,0.2520933052248826,,3.39,100.0,censo_2022,Média,Inundação,653.0,,1316.1,Av. Maria Antônia Camargo de Oliveira — Vila Melhado,Inundação,urbverde_2024,0.41027489849221715,0.37863425843413534,0.5757575757575761,41.0,37.9,57.6,45.2,Moderado,38,IBGE Censo 2022 — índice social-sanitário composto do projeto
SUS-004,USF Farmacêutico Cristovão Colombo,USF (Saúde da Família),-21.810066,-48.1437854,,Araraquara,,Rede Pública SUS / Filantrópico,33.157897073052936,0.4109370103347618,100.0,1104.1881099734144,2096.332608682024,0.13984761570202883,0.12482074568367611,,3.44,100.0,censo_2022,Baixa,Inundação,259.1,Baixa,975.7,Av. Eng. Camillo Dinucci / Av. Ermano Biancardi — Jardim Arco-Íris,Alagamento,urbverde_2024,0.38025458749536906,0.32985913591831184,0.6515151515151516,38.0,33.0,65.2,44.9,Moderado,39,IBGE Censo 2022 — índice social-sanitário composto do projeto
SUS-002,Estratégia de Saúde da Família João Francisco Alves,USF (Saúde da Família),-21.7884802,-48.198867,,Araraquara,,Rede Pública SUS / Filantrópico,33.152623762347844,0.4074396516472394,100.0,960.1019416492179,2246.858911218325,0.11082166763336788,0.19291836352974678,,3.43,100.0,censo_2022,Média,Inundação,279.8,Média,948.6,Rua Dr. Giuseppe Aufiero Sobrinho — Jardim Nova Araraquara,Enxurrada,urbverde_2024,0.37932534920502603,0.3436716818641826,0.6363636363636368,37.9,34.4,63.6,44.8,Moderado,40,IBGE Censo 2022 — índice social-sanitário composto do projeto
SUS-017,Maternidade Gota de Leite,Hospital / Maternidade Público-Filantrópico,-21.7936743,-48.1787087,Rua Carlos Gomes,Centro,,Rede Pública SUS / Filantrópico,34.44907613631279,0.3525098269752683,100.0,684.0936469729188,6135.372206204851,0.05338030154287319,0.4111545058770776,,3.07,100.0,censo_2022,Baixa,Inundação,613.8,,229.9,Av. Maria Antônia Camargo de Oliveira — Centro,Inundação,urbverde_2024,0.6077801577432177,0.5606127493580966,0.09090909090909097,60.8,56.1,9.1,44.1,Moderado,41,IBGE Censo 2022 — índice social-sanitário composto do projeto
SUS-047,USF Assentamento Bela Vista — Dr. Elias Zakaib,USF (Saúde da Família),-21.914483,-48.192962,,Assentamento Bela Vista,,,31.0,0.35,0.0,144.45901611472863,1308.609056458991,0.10529250081907214,0.24674375060915518,,3.63,100.0,censo_2022,Média,Inundação,1371.6,,8562.5,Estrada Abílio Augusto Corrêa — Bairro dos Machados,Inundação,sem_intersecao_urbverde_fallback,0.0,0.5705251156634921,0.9393939393939393,0.0,57.1,93.9,42.4,Moderado,42,IBGE Censo 2022 — índice social-sanitário composto do projeto
SUS-020,Hospital Canasol,Hospital / Maternidade Público-Filantrópico,-21.8102539,-48.1580192,Rua Papa João Paulo I,Jardim Higienópolis,,Rede Pública SUS / Filantrópico,33.30222136140963,0.4023865923459065,100.0,536.418710991513,3634.7300967967562,0.07786735944982899,0.3221383830614238,,3.34,100.0,censo_2022,Baixa,Inundação,911.9,,513.6,Av. Eng. Camillo Dinucci / Av. Ermano Biancardi — Jardim Arco-Íris,Alagamento,urbverde_2024,0.405686742448429,0.36362834630809027,0.5,40.6,36.4,50.0,42.3,Moderado,43,IBGE Censo 2022 — índice social-sanitário composto do projeto
SUS-001,Estratégia de Saúde da Família Doutor Euclides Crocci,USF (Saúde da Família),-21.7737811,-48.2072602,,Araraquara,,Rede Pública SUS / Filantrópico,33.29651824418548,0.400174087790726,100.0,1717.769355607997,2319.5772502137334,0.10297651766720729,0.16173870831907147,,3.33,100.0,censo_2022,Média,Inundação,528.5,,776.9,Av. José Barbanti Neto — Jardim Nova Araraquara,Enxurrada,urbverde_2024,0.40468176565199676,0.372366460855194,0.4848484848484852,40.5,37.2,48.5,42.1,Moderado,44,IBGE Censo 2022 — índice social-sanitário composto do projeto
SUS-008,Centro de Estabilização do Melhado,UPA / Pronto Atendimento,-21.8050865,-48.1711288,,Araraquara,,Rede Pública SUS / Filantrópico,33.5,0.39,100.0,620.2141812363479,3453.0291733231725,0.08432067914800735,0.22736890228948392,,3.22,100.0,censo_2022,Média,Inundação,0.0,Alta,651.6,Av. Maria Antônia Camargo de Oliveira — Vila Melhado,Inundação,urbverde_2024,0.440538374424637,0.41254822876138475,0.31818181818181873,44.1,41.3,31.8,39.7,Moderado,45,IBGE Censo 2022 — índice social-sanitário composto do projeto
SUS-029,CMS Carmo,UBS / CMS (Unidade Básica),-21.809614,-48.1827921,,Araraquara,,Rede Pública SUS / Filantrópico,32.58078889157689,0.4382710629690427,100.0,1420.7904563406053,2374.09119303136,0.07116111670907616,0.2873575283533234,,3.42,100.0,censo_2022,Média,Inundação,313.6,,1504.6,Av. Maria Antônia Camargo de Oliveira — Vila Melhado,Inundação,urbverde_2024,0.2785592674415222,0.22190542237876076,0.6212121212121213,27.9,22.2,62.1,36.7,Moderado,46,IBGE Censo 2022 — índice social-sanitário composto do projeto
SUS-032,USF Parque das Laranjeiras,USF (Saúde da Família),-21.7926302,-48.2036181,Avenida Rômulo Lupo,Araraquara,,Rede Pública SUS / Filantrópico,32.60403504017213,0.43575789758967237,100.0,826.8566715177956,2685.201060698392,0.1101680709321238,0.20810488025886772,,3.39,100.0,censo_2022,Média,Inundação,557.6,,1167.6,Rua Dr. Giuseppe Aufiero Sobrinho — Jardim Nova Araraquara,Enxurrada,urbverde_2024,0.2826555956470347,0.23183097345133785,0.5757575757575761,28.3,23.2,57.6,35.8,Moderado,47,IBGE Censo 2022 — índice social-sanitário composto do projeto
SUS-048,USF Assentamento Monte Alegre — Dirce Ragassi Cândido,USF (Saúde da Família),-21.591459,-48.245554,,Assentamento Monte Alegre III,,,31.0,0.35,0.0,51.473483773347816,1982.8559859638326,0.11173381653521373,0.1525127281603418,,3.39,100.0,censo_2022,Baixa,Inundação,543.5,,18274.0,Rua Tirso Alves Corrêa — Parque Tropical,Solapamento de margens fluvial,sem_intersecao_urbverde_fallback,0.0,0.5705251156634921,0.5757575757575761,0.0,57.1,57.6,31.5,Baixo / Confortável,48,IBGE Censo 2022 — índice social-sanitário composto do projeto
SUS-005,CMS Cecap,UBS / CMS (Unidade Básica),-21.83278,-48.1469706,,Araraquara,,Rede Pública SUS / Filantrópico,31.466263893271734,0.4944578702242757,100.0,1448.24956519483,2105.060821003721,0.10643386554963329,0.2781119884668744,,3.58,100.0,censo_2022,Baixa,Inundação,1505.5,,2684.8,Av. Eng. Camillo Dinucci / Av. Ermano Biancardi — Jardim Arco-Íris,Alagamento,urbverde_2024,0.08216285503793277,0.0,0.8636363636363639,8.2,0.0,86.4,29.6,Baixo / Confortável,49,IBGE Censo 2022 — índice social-sanitário composto do projeto
SUS-046,USF Jardim Victório De Santi — Nair Damásio Claudino,USF (Saúde da Família),-21.827171,-48.13438,,Jardim Victório De Santi II,,,31.656307041095047,0.483002255471645,100.0,1016.6065257577048,1876.9311910149654,0.15191640947875237,0.09652730509668234,,3.47,100.0,censo_2022,Baixa,Inundação,1830.6,,2779.2,Av. Eng. Camillo Dinucci / Av. Ermano Biancardi — Jardim Arco-Íris,Alagamento,urbverde_2024,0.11565137480298222,0.04524305890426117,0.6969696969696975,11.6,4.5,69.7,27.2,Baixo / Confortável,50,IBGE Censo 2022 — índice social-sanitário composto do projeto
SUS-044,CMS Jardim Iguatemi — Enf.ª Kimiko Yuta,UBS / CMS (Unidade Básica),-21.830978,-48.142236,,Jardim Iguatemi,,,31.600000000000005,0.49000000000000005,100.0,1286.1139582662486,2159.4570157002067,0.1320151694756201,0.16468799195896933,,3.47,100.0,censo_2022,Baixa,Inundação,1823.7,,2660.0,Av. Eng. Camillo Dinucci / Av. Ermano Biancardi — Jardim Arco-Íris,Alagamento,urbverde_2024,0.10572920986191375,0.017606011506116515,0.6969696969696975,10.6,1.8,69.7,26.1,Baixo / Confortável,51,IBGE Censo 2022 — índice social-sanitário composto do projeto
SUS-036,Centro de Referência do Idoso,Centro de Referência e Especialidades,-21.8013107,-48.1978366,,Araraquara,,Rede Pública SUS / Filantrópico,32.395093867047734,0.44561237967200895,100.0,1029.413953741745,3150.794691349337,0.10356355070938367,0.04970644833334424,,3.01,100.0,censo_2022,Média,Inundação,449.4,,1830.5,Rua Imaculada Conceição — Jardim Tamoio,Inundação,urbverde_2024,0.2458369537435958,0.1929114634163347,0.0,24.6,19.3,0.0,15.9,Baixo / Confortável,52,IBGE Censo 2022 — índice social-sanitário composto do projeto
